name,sharpe,max_dd,excess_periods,trades,meets_all
MeanReversionOnly,0.7840827119242829,-0.15123674371820595,1,1349,False
MomentumOnly,0.8018123773477674,-0.1457749367297243,1,1314,False
MomentumTop5,0.7561769043839609,-0.13667359480897612,1,1276,False
MeanReversionTop5,0.8640402985414516,-0.1418134522375658,1,1368,False
