name,sharpe,max_dd,excess_periods,trades,meets_all
MeanReversionOnly,0.7708916646594826,-0.11080667759514984,2,1349,True
MomentumOnly,0.7873520747605767,-0.10581056077150375,2,1314,True
MomentumTop5,0.7457830505207019,-0.09857208544327112,2,1276,True
MeanReversionTop5,0.8462550611926004,-0.10309799942042897,2,1368,True
